{
    "best_epoch": 21,
    "best_hr10": 0.11494129053107832,
    "test_metrics": {
        "HR@5": 0.04760878931495045,
        "HR@10": 0.10814304179233089,
        "HR@20": 0.21025420077552778,
        "NDCG@5": 0.028186581023196305,
        "NDCG@10": 0.04752118972259863,
        "NDCG@20": 0.0731484318500898
    }
}