{
    "train_loss": [
        0.495995150338361,
        0.32522806384048003,
        0.2984429251187634,
        0.26342016348774117,
        0.2303008148181962,
        0.21212527343905455,
        0.1962353332444679,
        0.18383270799856982,
        0.15114634348004158,
        0.13627292470594196,
        0.12335582943849785,
        0.1142241060797969,
        0.10707195064664195,
        0.10219044607649272,
        0.09168249066569341,
        0.08726874344583527,
        0.08361282780715149,
        0.08361439364677509,
        0.07913073663769048,
        0.07831709438246658,
        0.07272571033150804,
        0.07054562618014219,
        0.06987087176045809,
        0.06858061392639958,
        0.067262587293944,
        0.06616983127930265,
        0.06323411522800557,
        0.06346790525102851,
        0.06161802483146608,
        0.06191648984637551,
        0.06104954137666589,
        0.060456347240265024,
        0.05994363706061596,
        0.05890113383878109,
        0.05803696996420878,
        0.05765641162221695,
        0.05802078041569695,
        0.05727168213428479,
        0.05620525214535527,
        0.055574487442348046,
        0.05579253205184044,
        0.055876048322699635,
        0.055606592201100764,
        0.056232699959135386,
        0.05569711713718762,
        0.05556056214758002,
        0.0548685629419745,
        0.05614691261606392
    ],
    "val_loss": [
        0.3461284404748107,
        0.32991033261769437,
        0.37530334314254865,
        0.4649478136880757,
        0.6910448166197294,
        0.6497126060397658,
        0.6688090009640341,
        0.7037089691586691,
        0.7425759143821181,
        0.8542235279328203,
        0.8410882619145799,
        0.8447565066896073,
        0.7250470892615515,
        0.8204664555314469,
        0.8446306039209235,
        0.8508467329283284,
        0.8146983589211555,
        0.8111066577369219,
        0.8561071951503623,
        0.8301620809999231,
        0.9168926344750679,
        0.8846279514366633,
        0.9011611820083775,
        0.9044167707635932,
        0.9089911761757445,
        0.9121061939082734,
        0.9288979462533661,
        0.9276592553886649,
        0.9409946647204764,
        0.9398904779594238,
        0.896814022264252,
        0.9301512572046828,
        0.9515470589881074,
        0.9731188851268324,
        0.9549678696753228,
        0.9319806768469614,
        0.9041642393559626,
        0.9242987779721822,
        0.9325448250117367,
        0.926629149546362,
        0.9496009298791624,
        0.9190371538534735,
        0.9427471904926104,
        0.9455257637860024,
        0.9594324259725335,
        0.9136098131333312,
        0.9456931674113013,
        0.9714799780551702
    ],
    "HR@5": [
        0.017451254982225575,
        0.019282559517397393,
        0.025530539696218896,
        0.024561025530539696,
        0.024022406549606808,
        0.024668749326726275,
        0.028223634600883334,
        0.03199396746741355,
        0.03501023376063773,
        0.03888829042335452,
        0.03834967144242163,
        0.04093504255089949,
        0.04018097597759345,
        0.039857804589033714,
        0.04061187116233976,
        0.039534633200473984,
        0.04104276634708607,
        0.03964235699666056,
        0.03748788107292901,
        0.03964235699666056,
        0.04093504255089949,
        0.03791877625767532,
        0.03834967144242163,
        0.038672842830981366,
        0.04168910912420554,
        0.04028869977378003,
        0.04018097597759345,
        0.04115049014327265,
        0.042335451901325004,
        0.04082731875471292,
        0.04136593773564581,
        0.04082731875471292,
        0.04158138532801896,
        0.04158138532801896,
        0.04093504255089949,
        0.04158138532801896,
        0.04201228051276527,
        0.04115049014327265,
        0.04136593773564581,
        0.04158138532801896,
        0.04201228051276527,
        0.04093504255089949,
        0.04093504255089949,
        0.04061187116233976,
        0.04104276634708607,
        0.0403964235699666,
        0.04093504255089949,
        0.04125821393945923
    ],
    "NDCG@5": [
        0.010713610230585154,
        0.013093873852791666,
        0.016034363860813042,
        0.01367357054799133,
        0.015001004332965133,
        0.015302525643528174,
        0.0171105428760093,
        0.01960124285369422,
        0.021307105293660776,
        0.023654108252577237,
        0.02367171854782669,
        0.024685594484941762,
        0.02462667494073261,
        0.024401866484561437,
        0.024412587200777894,
        0.024080750036545476,
        0.024926264623490273,
        0.02429470998874539,
        0.023324453671186535,
        0.02436994921303308,
        0.02496531043179927,
        0.023967468359797704,
        0.023786982398004964,
        0.02371591933236564,
        0.02536213349139992,
        0.02490251000623101,
        0.024663321733939234,
        0.025170598834409988,
        0.025432251533512317,
        0.024982489802579347,
        0.02520679787884833,
        0.024792233922013587,
        0.025116506421258535,
        0.024995820993691787,
        0.02485816491363717,
        0.02511900037696739,
        0.025366081438684226,
        0.025151468051838946,
        0.025424161076177426,
        0.025542294288441753,
        0.025602425834063608,
        0.02511950638532923,
        0.025238451204906028,
        0.0250612292981115,
        0.025242916210934562,
        0.02510870777099049,
        0.025199908518000615,
        0.025376624416433305
    ],
    "HR@10": [
        0.03479478616826457,
        0.04050414736615318,
        0.04556716578692233,
        0.04384358504793709,
        0.0462135085640418,
        0.050414736615318326,
        0.05213831735430357,
        0.06000215447592373,
        0.06657330604330497,
        0.06711192502423785,
        0.06635785845093181,
        0.07249811483356673,
        0.07142087687170096,
        0.07109770548314123,
        0.07228266724119357,
        0.06894322955940968,
        0.07185177205644727,
        0.07282128622212647,
        0.06948184854034256,
        0.07109770548314123,
        0.07303673381449963,
        0.07109770548314123,
        0.07109770548314123,
        0.07239039103738015,
        0.07109770548314123,
        0.07239039103738015,
        0.07174404826026069,
        0.07142087687170096,
        0.07292901001831305,
        0.07379080038780567,
        0.07432941936873856,
        0.07303673381449963,
        0.07422169557255198,
        0.07379080038780567,
        0.07389852418399225,
        0.07476031455348486,
        0.07325218140687279,
        0.07594527631153722,
        0.07583755251535064,
        0.0755143811267909,
        0.07583755251535064,
        0.07422169557255198,
        0.07389852418399225,
        0.07335990520305935,
        0.07422169557255198,
        0.0741139717763654,
        0.07497576214585802,
        0.07379080038780567
    ],