{
    "best_epoch": 38,
    "best_hr10": 0.07594527631153722,
    "test_metrics": {
        "HR@5": 0.03931495045239121,
        "HR@10": 0.07302886686772943,
        "HR@20": 0.11816027574321414,
        "NDCG@5": 0.024071442387324817,
        "NDCG@10": 0.03492645093126112,
        "NDCG@20": 0.0463541722820414
    }
}