{
    "best_epoch": 29,
    "best_hr10": 0.10018313045351718,
    "test_metrics": {
        "HR@5": 0.054502369668246446,
        "HR@10": 0.09704868591124516,
        "HR@20": 0.16738474795346833,
        "NDCG@5": 0.03197378779733401,
        "NDCG@10": 0.04566177187707523,
        "NDCG@20": 0.06324237655769566
    }
}